width,amplitude,t,area
42.469453883933966,15.807655082128038,0.9504,261.82361481951676
90.09330098005012,20.237208476122458,2.1612,643.8590111632584
33.179568197119806,18.861604866087756,2.7257000000000002,329.7889689967043
25.511409780971007,19.833524274093044,4.232,279.107352562648
58.19757651499094,18.09825834759432,5.0633,542.3698103624854
59.889286180914496,16.856123776888897,9.125,466.6492357869732
23.32853866754158,18.36545658104952,9.4946,258.9996530423497
32.817813430971,20.670463502633737,10.832,404.5523662576378
54.28067075849685,19.135315948629938,10.8739,675.5531503579181
20.867552513620467,15.812674598620942,11.857000000000001,165.77435876259258
51.175129197741626,18.911089795822498,16.2375,644.2981014555803
55.024757425882854,21.597360258545717,16.9404,558.114786107662
29.242893737187842,20.368108989858648,17.8042,316.7708170605551
66.9140241741261,19.739912348583573,18.5931,764.1872401400509
61.393403893656796,27.310719347887694,19.7341,1003.1433860524227
30.151185015507508,17.733266772538325,26.2299,356.3336594807466
26.12158400635235,20.368166090852714,26.6855,265.37627832571405
84.53713392972713,19.67461287560229,32.4302,803.5469349633549
73.20680102624465,19.213030742501164,32.668,704.8978826976745
62.13091379503021,16.677056984678654,35.6605,477.20725197883246
19.697435349284206,17.07531999228388,40.0522,208.8569105214649
39.61871986906044,18.701651366442608,40.4256,517.5969784011145
34.722080452542286,16.369278915230428,40.5479,333.7186575313226
42.5275410010363,17.87653495786037,43.3269,333.7929467569115
46.051527022966184,22.72347165552355,45.6524,448.0434746260727
29.589195510547142,19.591903542469563,47.798100000000005,319.9255584940466
52.65303158259485,16.45697462075418,53.145700000000005,531.2078547968867
43.425419220817275,18.00082245129672,63.7548,450.8753225677654
55.76108016865328,29.265780177032084,70.3987,812.3535738577403
43.09731713705696,39.0614847682775,71.4086,845.1210510395779
39.963459550752304,23.57201302097044,72.4761,508.25388640866214
41.08327710523736,17.413250797143565,75.12950000000001,372.83023389869106
30.574088018387556,18.478820392580175,75.7294,315.261770120193
32.699923016829416,19.212163364520784,77.55160000000001,329.71086471036637
42.23842245270498,18.268159436262945,78.2508,386.2991100739916
29.65001039300114,22.58462072890625,78.5044,366.01413155146076
41.65155751421116,21.248879029367334,88.94420000000001,478.94458374615357
51.13004562491551,17.50520544276614,98.37790000000001,471.40898329443036
30.12578635662794,17.085083036607365,99.9239,282.2442798628561
50.38239859289024,19.965255115873184,101.622,396.73032817692024
34.686216491274536,18.709523895463228,102.8241,434.9813481519162
50.2470209171297,20.074659657882023,102.99350000000001,641.4085944601109
29.470920831430703,16.09477244450237,105.5798,184.39334391842272
32.73009484400973,16.77255290902346,107.53840000000001,294.8470178414912
38.54501230549067,26.893893336976586,108.08370000000001,516.9670364040257
21.79344190773554,21.844452972966025,108.5813,296.165825535677
104.33016299968585,21.74280197364175,112.20270000000001,1008.9179209977383
47.27430391847156,16.54252616480264,112.9338,342.403369295107
63.896133687347174,18.432558936661437,113.7641,637.7741556219833
47.77197472495027,20.41333357723757,116.55890000000001,413.4046475369187
20.084480793680996,19.66342309248748,117.3665,229.72448888885037
79.3196555620525,27.30286243818355,120.1967,1168.1837433876976
72.6100693072658,21.81748643131179,121.00250000000001,823.301492968891
88.36882291175425,18.44802177048028,125.18530000000001,663.8680056650536
59.18347558518872,30.66718867016624,126.8272,942.3412790480363
45.339121845783666,18.52639876101229,129.7204,466.53466417153805
20.90398089797236,16.787222857379536,130.6051,195.5070629264681
27.760012354003266,19.07175700494957,132.2238,289.74482191335795
33.48967500519939,17.81435744221235,138.7637,292.43929072636854
63.2135689270217,35.28144676912993,140.5723,1143.9067652333056
46.34767498145811,17.80672184885869,149.48340000000002,438.5644542702271
38.694136360893026,17.16021641383255,151.574,307.11218107525974
44.97894931235351,15.832075388130056,154.72140000000002,309.7016302574067
46.14625532971695,16.434131157343597,156.73250000000002,431.2176775462382
68.7271571692545,16.740467737948727,168.8862,491.65060066017503
50.22785979742184,16.32451458186329,169.4067,379.6561342374998
55.20491186645813,16.91611043932979,171.3204,330.84428437621625
45.968036766629666,21.671480547680034,172.26350000000002,317.65432315947794
56.62453590892255,17.23279528244386,174.0644,429.24922114513026
87.18801545863971,22.134188375758633,175.567,934.8495667316856
24.204141861293465,19.74759365534051,179.3435,259.7742317296946
57.67766049830243,20.216021735619663,181.6183,520.6121376006627
30.99866073555313,15.935569348600549,188.1177,284.84443741706264
43.974298785440624,27.465353005767728,189.9472,736.2099392647237
34.409094573464245,16.896776283575804,190.7767,276.55676080308103
44.959519773954526,18.403381319350956,192.5294,511.6570996328964
44.16690951003693,17.949352981029023,193.2289,319.8735899967554
45.728683684254065,29.528427910589716,194.2641,658.5575327886542
76.48953039967455,16.92856679974776,196.0686,517.9297481967309
33.54924525273964,20.528845074890896,200.4622,327.74414755448953
81.62790008517914,17.04846145878843,201.5978,785.8182401297214
35.90688165999018,22.60379904902659,203.4186,521.6832224589398
59.34702701680362,19.193748340183337,203.80200000000002,557.3742837643407
102.67611448722892,22.70908947743796,205.293,960.2103007645519
26.942708713468164,15.992674084316597,206.6541,213.31681529700833
25.991477517876774,16.162031690628268,210.21720000000002,243.01653718544281
74.42058887612075,16.988455184113953,211.8664,527.2934863818039
46.328480968251824,21.642731643093022,212.7457,598.8455945878156
64.61553620453924,16.354573019323567,213.9112,659.9167122030508
34.461226207669824,15.830328935655062,215.2871,283.2691878218543
26.558536138385534,18.30274854757121,215.6952,226.13418460713038
42.1120488406159,16.452899937364688,216.0431,362.6259667344656
53.55850492278114,20.43310715199479,217.3184,608.2009519841449
23.010395533405244,23.152500776451838,217.6927,294.7743317898281
32.620227126870304,18.02672593890613,220.38340000000002,374.1580560597099
46.05248945998028,16.803987603369777,222.8622,287.8315498693167
48.67938490724191,16.884699167366453,225.0321,394.66885010160024
39.88449051277712,32.44466274173799,225.40040000000002,931.0180757323471
70.89798313518986,20.63246606603854,226.0848,649.75491649281
52.20993131166324,16.62671627840422,226.9941,467.45189367078564
46.70882509928197,17.831986486079575,227.9067,397.1566114651347
72.29619784886017,25.4614172767286,229.6732,1133.7695802257772
53.64151067752391,17.872102919146858,230.5368,577.392947906381
110.01624054182321,17.78009379849709,231.5687,1010.1758534537962
66.7447855132632,17.873350655308563,237.3518,675.5344876849605
23.896674056071788,20.0689666099913,239.90970000000002,274.57024000559073
57.36413112888113,16.441183870080486,240.0994,544.348061151478
81.21139216888696,16.132665998832824,241.0277,558.6265808576321
63.67875885544345,24.163386352844398,241.8193,800.2315168053858
72.18345484184101,25.57775012788566,242.55,886.2650684176966
38.093289968091995,16.902171125052707,243.6682,259.69434275034746
57.66890553571284,19.006320289441337,245.01680000000002,607.4969247104524
47.38842215389013,22.616081584097557,245.44750000000002,475.33346884136114
70.14551603747532,16.674269921189424,245.8382,638.5780488492647
57.07003849558532,24.36475692322967,249.3864,895.9801904733638
47.21834851335734,16.908917354763727,252.39610000000002,378.64982006279126
39.51388480467722,23.93066056818363,253.7509,479.1196526285183
45.1657830029726,20.286766561335604,255.1177,379.6322085673798
27.734396706335247,16.5730088256184,255.8094,284.6471543476298
48.316428994294256,24.67033192334446,257.6336,488.3388783017647
21.77618163684383,34.53318917524601,259.188,480.5329034638476
56.60804940434173,16.190013871547055,259.2514,498.9079497417917
60.8635940104723,20.833302413943333,261.8499,476.60996878461424
70.90038250992075,23.57327825571867,267.0042,849.9476327710106
51.705032859463245,16.672976583839738,267.2687,456.3504721265663
19.305407632607967,26.748198151351602,271.5301,293.6837969277369
39.18854083446786,17.66298045160416,272.9463,413.69480113413624
37.88642970705405,21.68226505765486,273.9929,403.08867428309725
56.442950894124806,18.953241833688494,274.8109,655.9836775396586
43.583154615946114,31.785062312276555,274.8912,715.0981182689455
22.147594432346523,19.395165992600525,276.5657,258.7105852097577
71.44146946491674,22.923027697544327,283.31260000000003,919.3114511845157
55.64275285182521,17.09089406914571,283.74850000000004,411.9317811191548
62.62684085872024,15.939950747659573,283.8844,732.9771771446492
29.26315916189924,20.4714003671414,285.7601,355.1686182604538
29.057974900584668,20.741537352930074,286.27660000000003,394.26252920236703
54.51506479131058,29.256233374261683,286.5136,794.6454850062647
31.377473594155163,25.414539900507233,288.3986,425.09375307568143
103.64657274121419,16.393612953300682,292.2769,731.1229959801481
20.74632355151698,17.105240974638043,293.5289,214.0461912660096
18.491165584884584,18.4611035981614,295.03540000000004,194.5057674045053
42.3473551934585,19.11429179646807,295.461,553.5382196250074
82.26215505367145,20.601233268299733,296.7291,898.2427646602802
40.121573437936604,41.70650833345608,301.4164,888.6286966179719
52.450380416586995,20.01526820489148,302.22720000000004,505.9493031879715
59.11546434974298,16.62685604954877,304.2517,418.28742225115553
40.26977052632719,19.432218899843768,304.6082,446.3556098725301
55.03253483958542,26.21451517513529,305.8782,745.6243317533091
36.412136445287615,24.699320848189608,310.24690000000004,525.3761865879313
54.82080142945051,22.255509513828944,311.73810000000003,833.0324584911647
31.150118927937,26.74102496015017,312.84110000000004,516.9322508515171
40.18565067043528,15.857088756479994,315.2015,279.0632283331814
40.71489298110828,27.130881183046785,316.98560000000003,653.6867961519191
49.2910453369841,17.637330570988752,319.21860000000004,609.2020835713166
94.42103159800172,22.290961305367873,321.149,1207.7679090615727
38.053092846646905,16.983345185567433,324.9502,331.247565034189
66.51336276298389,16.615522670165067,327.10920000000004,633.8536722055208
24.616849227808416,21.845233331680923,329.5657,296.45252963856245
20.75230250461027,18.255225266907672,329.7813,231.22438015287204
50.66785925952718,15.968942997724891,330.4991,378.60971676251495
77.5792823038064,56.05256601706394,332.2156,2557.1865984197525
50.4177814736031,25.62649330243165,333.79970000000003,723.8961499061155
67.0240256069228,22.624764668975946,335.7369,805.8350243722786
52.760008240584284,17.459115565721643,336.1637,545.0518505192977
95.64283379120752,23.029764295610732,336.4201,1427.2183566778433
40.51455872412771,28.17548887016235,337.8516,685.9568495122695
58.23467308282852,18.372149029314272,339.92830000000004,600.796773653839
37.64270884124562,17.865635335370516,341.83160000000004,353.5767245049081
46.692353292834014,19.20021936175819,343.67990000000003,354.5833655500862
54.51083098305389,24.9827904832228,345.17240000000004,679.0731070526767
28.75183438975364,41.89521329651394,347.90610000000004,796.7369094688988
24.66451942268759,18.25437073003549,348.9501,300.89305606706097
79.00807629339397,16.458862783346184,352.5212,623.7446055453446
69.7223615241237,19.662282213829712,353.71250000000003,668.168079200649
54.360729495063424,18.279412711327787,355.3084,559.7527680208863
35.588426302187145,26.459528853341265,357.63100000000003,625.5967209074148
54.88136693602428,16.935740019746063,358.5513,512.8607270781908
52.3308271584101,18.75812208567032,360.8371,460.7564439417426
62.376283269841224,23.904375900332273,365.7251,879.6685874562687
38.78562870249152,15.906801772222064,366.3224,253.9985502053945
31.054135219659656,16.177256248554166,366.5451,282.71693936183703
22.086974662728608,34.73629120862225,368.6025,473.5555274026445
49.397354050539434,16.803690543021702,371.0274,493.76507046594816
48.82954151229933,19.476681308251255,373.87350000000004,550.3711389020109
45.57966361148283,17.125109861064544,375.31030000000004,413.4814161261492
42.149583467282355,17.840443124318927,375.9545,476.5541260330176
33.63499982422218,17.37276379852449,377.7418,373.4346234302592
81.67003548983485,16.47772392667535,380.41630000000004,675.6559969764228
45.77627018420026,32.356903917100674,380.5826,979.7352576667371
19.203551571816206,18.51041061847692,380.63640000000004,221.41196459010888
64.41008425224572,23.35845284078639,380.963,786.1211330006033
42.84069426963106,17.07747022572009,381.89730000000003,380.44584813107554
39.6161232390441,17.477249004015846,385.2889,284.15438660793
63.091426842380315,17.60287602247611,386.8494,600.3003075572104
43.933325252030045,19.35028659294858,387.8482,450.02618568249324
24.225539428181946,20.782706608231656,388.2189,277.2666737920339
64.91265928233042,16.183649558117494,389.48650000000004,558.6164505556474
70.81292565586045,24.914735252178104,390.57370000000003,825.7320279702606
34.01198210334405,24.212800973074597,393.54970000000003,509.78926222556936
38.75470306025818,16.164685281739672,394.50260000000003,250.74427535912096
84.46310903364792,20.728581126915657,394.6915,925.175857782471
36.81137679470703,23.442655561966117,396.00800000000004,546.6484416921768
39.33215465163812,22.861391131109826,397.71930000000003,434.35793206322876
49.12526605883613,19.153061039135352,398.5482,459.0542194043607
46.82146823592484,17.324766039721673,401.2362,462.5630634496859
23.09862187784165,16.56351511329489,402.8288,211.43146223741067
112.72937766090035,15.794039545447578,404.3741,851.4639482812534
73.42835388332605,22.631262842241647,405.8997,965.2780584013514
54.28782943543047,19.597350012420794,407.10020000000003,593.0279262072394
34.80638245632872,40.38662627449782,407.7966,857.9828348067814
57.93156182253733,24.685461209517428,409.33910000000003,708.7610758700769
26.883227397687733,16.597222208143492,410.9517,257.1999977278383
38.558384988456964,16.349654253427286,414.1736,367.2109550294457
60.76037711137906,16.581701056456296,417.5622,574.3595742589955
22.891031506936997,22.650859035159197,418.1637,274.93786793910954
30.868143488187343,17.96451115428835,419.1779,266.3595495554943
56.201078810729086,21.390476047008516,420.261,715.1747062248809
36.50227231532335,29.742925684794834,422.2934,536.5557176153841
48.56737945601344,19.49821210583227,424.5203,451.1379276673623
23.138990788720548,16.437402101369653,424.55350000000004,253.27885707925452
50.79976196307689,16.216511430452822,425.78860000000003,427.046049829898
46.41187275014818,23.748419486639143,426.4644,617.0918785695671
43.35022998787463,15.941760587307943,427.82750000000004,396.07818345157756
35.94000000227243,19.810966521900347,428.5174,411.5969071126827
44.95662044733763,16.659521782716624,429.63550000000004,415.0877657738584
23.14299680572003,17.30059750595177,429.82660000000004,247.8203223326344
135.57072362024337,20.358378846695242,431.4327,1261.7327546631232
23.621136993169785,17.390044509664865,431.78270000000003,249.07303930314413
51.26407692860812,25.624687037999863,432.9499,528.2661535336277
21.190628910437226,18.200857536086644,433.0503,235.2356785178153
83.68538018409163,16.523438268489343,433.1788,726.8689920821018
58.821849409490824,18.759367073643347,434.5418,648.4255948122291
38.80311038903892,29.78246645637322,435.475,544.5492987594639
54.287963076494634,16.063409896129127,436.0416,491.5733657831943
49.00683098193258,21.0315617724725,437.3512,586.1244192548253
39.10687635652721,17.303723751357698,438.0165,417.4603980924491
44.15703095495701,17.681988718758337,438.43550000000005,419.2829537368785
23.29442516900599,16.370950397343194,438.59040000000005,244.55846984189168
37.598477909341455,18.718652448935654,441.0985,274.5926803947546
49.466202691197395,17.616048676617154,441.3754,558.7790163551201
54.09084561653435,17.349313815212902,441.92780000000005,415.86388672223046
59.28253770805895,20.774287490560024,444.00800000000004,683.8532822748517
57.28291818872094,16.575881569540073,444.7679,522.7879087660921
50.763794152997434,20.501011885508042,445.94210000000004,474.9169434601607
42.73135802987963,16.596992449268583,451.6381,398.2862744993387
81.26514997519553,17.121511909919512,452.7669,801.2358206553033
26.45354538783431,17.14172430424201,455.5427,239.3536716132695
22.493407733738422,16.43724340220355,456.16220000000004,213.40307259356553
39.226896963082254,20.58195739591133,456.4277,398.39684588744944
31.967447667382658,30.895616781043703,457.999,525.6159782528515
33.75823413487524,20.266264791853995,458.7644,416.1827720282717
44.4725739620626,18.531007024544248,458.8351,435.12476525207
51.565218075178564,17.995547883005962,460.2584,510.930370389549
117.56159159075469,26.437316403822535,460.45700000000005,1765.8624575306621
26.234004999510944,18.866283337471472,460.64770000000004,280.8725796609265
49.49409317038953,19.974341347429185,462.6155,616.7954104650877
27.608368534594774,18.07277821763349,463.0244,274.0618049621915
38.491225900128484,16.365650419931534,465.1175,315.999538503913
38.920147985219955,17.846840865077255,467.43420000000003,467.80697207397844
57.95767059735954,17.16950558807836,468.18780000000004,638.5808820323409
29.858478943817317,18.64650403738575,468.7396,295.6209147712067
45.99270361661911,19.121344232425162,472.28450000000004,407.0929008674877
62.72134805936366,19.81650213640271,473.72450000000003,784.6291372835092
31.92636893875897,24.967622272485805,474.3416,498.63945619520666
126.11877803783864,19.173855127081914,475.0059,1323.5654161388932
31.04162686318159,16.697465392780625,475.9225,289.2180364862211
34.48947611730546,17.314664037352664,481.53970000000004,348.7118791530787
54.13938632514328,24.340465864859603,483.4241,909.8764267146178
24.417577598243952,17.521316849929185,483.5101,280.49631921960315
62.22457703202963,47.44744120420265,483.8924,2031.2517108859752
22.327306955121458,22.92122640126279,485.4769,336.0051682544998
51.46828494872898,72.12138106347079,487.1748,2263.721609612101
40.61396833136678,16.488726341262485,489.3301,366.2420350272796
79.07088412158191,20.187816770613377,490.1924,778.3552434576028
42.385700481943786,23.638966754923352,493.451,669.0957313138006
79.76558316592127,27.98487695151404,494.0106,1350.4082488587214
35.52562092617154,26.914693328478066,495.3038,580.2179283467893
105.17875477299094,16.241868515817295,495.8009,908.9815095065541
48.125827457755804,22.22246597457681,497.9483,561.3286114016634
52.96014468930662,29.38760225295321,500.9882,828.730418482775
27.222048366442323,22.542549091051274,501.15040000000005,378.9930311919042
16.89433022029698,17.804310238303554,501.3009,181.33131158228042
63.003564566373825,28.300080474218184,502.19780000000003,1073.4608259238198
68.71466898638755,52.611204783981655,502.38550000000004,2030.6980652341215
59.047716381028295,27.760440664275425,503.1847,845.467328159458
62.13788154069334,21.42075508613711,503.97040000000004,641.4524170821765
40.7617807937786,21.329477164369763,510.1736,529.0059897091089
17.669223129749298,26.04309568146954,513.2218,268.1506012162171
23.6096664192155,23.714184446204605,513.9381000000001,320.9537693157701
22.654291765764356,18.30113273098124,515.384,243.26516429671557
45.99168583098799,16.97476350224912,517.3115,298.5288447371767
34.47985078487545,17.15615883715037,518.3909,342.4021414952405
23.392628616653383,23.36814767473094,519.5113,343.48298703900997
20.45795483328402,19.97402539504336,519.8733,238.26696421585828
22.57638021185994,24.390386092111957,523.4048,321.7573126379317
44.08908884692937,16.641457473302292,523.5387000000001,376.4511117144433
37.93956498615444,16.680640252612573,524.4315,280.84563920089573
66.67380193248391,30.344992033254822,524.5479,1034.8966934762575
34.63327662087977,36.52695255772508,525.0999,837.2523061132675
42.579201077111065,20.930662566839022,526.2947,412.5268417495859
46.08238241169602,34.13322241921283,527.0714,888.8616605660145
51.3433874277398,23.34933897290971,528.3751,660.8796817015156
21.103702241554856,16.144228657237306,530.1052000000001,200.69543414462493
34.42695569153875,29.42650608926551,531.2265,481.4759212674323
21.931380692869425,15.804110565466367,531.8142,200.7016271958446
24.920966026373208,16.869506511025197,533.6713,248.8163051624533
31.388452389277518,22.457396765591536,534.0146,412.6576622967121
26.67177025973797,27.599456759698747,534.3082,426.6565824940842
40.726543333381414,16.880372371554277,534.4589,355.4047484411151
88.0937283411622,18.905674801268752,534.7503,1023.1847935083819
54.367444291710854,17.810128044528938,536.6849,404.02445230669224
34.7253929162398,15.890561934599342,537.0500000000001,281.64005939281964
59.34094223938882,18.756821043111646,537.1435,598.4544669654815
18.74153738003224,24.690731083288288,538.1008,268.651192967548
33.535230410285294,22.83753445097278,539.6781,484.0324750270923
26.616303368471563,19.521539345528453,539.7871,327.73727821401326
27.432172125205398,16.81693246110933,542.3291,269.4383700089005
37.78212879411876,16.24003897456629,542.5142000000001,321.76432770490055
21.470063882879913,19.20716022514491,542.9755,238.52032340745092
26.481893099844456,22.628202810417573,545.4867,337.426541071848
25.865432766266167,17.130508273105338,545.5485,269.55418122737177
76.29761460609734,18.002965122993608,545.6561,518.0137429136183
30.151404491625726,17.119965638690775,548.2616,296.9672979387823
49.50328823272139,16.228871830920276,548.4921,372.9355413660971
24.554500624537468,19.362813621132634,551.2007,329.29242276071943
23.27907338924706,34.92182807049843,551.4144,487.4983818324481
62.22809941973537,16.43128030483046,551.5414000000001,751.2165239358998
30.683600426651537,27.240270285784298,552.4289,520.5451225139424
19.824553300626576,17.954783862147618,553.6041,210.0217961263589
30.1989478264004,17.752481034822264,557.1763000000001,286.75935609919355
25.390095502138138,23.451645809258814,557.2406,334.9822056612699
60.06411941535771,20.29969328878783,558.2367,608.1090497603324
34.595026060938835,18.298804691742777,559.1513,405.8086085935773
24.679883618839085,20.43865243221166,560.5981,263.90171930342046
33.6645924821496,35.985300602910584,563.4079,639.5947172051143
21.83886351529509,20.533202768388296,567.7747,249.83893457901632
27.792232726700604,19.66425971400633,568.2692000000001,331.43221355336755
23.702130895107985,17.01538759315234,569.2458,231.5120346914615
24.348669903352857,33.28236878277291,570.2642000000001,443.1217697823511
63.91577770002186,17.178872185104634,572.4013,619.8274368480202
54.03470418229699,17.322876404135812,572.6651,625.6454438903894
33.739665114320815,19.63433987002233,573.0267,373.3886413531639
23.57030068989843,24.56833098384353,573.8714,372.1640344174056
35.703762357123196,20.109811328601477,574.2324,314.4539845659632
80.9640341065824,17.076870570532936,575.7664,723.1144280708073
80.7959926771,21.247430017827032,579.0911,730.7465588452516
58.447550017386675,20.198255262128917,579.1509,564.4440231096403
35.99463741108775,28.05836039840061,581.9161,473.85148180621945
30.45000785589218,23.600348925509824,582.1121,386.6788533841664
45.50987135991454,25.763042943865102,582.5283000000001,601.3773223117403
71.94217430241406,28.74888296251799,583.3436,892.0770748942698
85.79969378653914,15.834675671632963,585.7352000000001,495.85427113589304
68.6211376786232,16.51499332020217,586.5849000000001,666.7230432404351
59.34058076702058,19.384488429200477,587.6848,666.0343160558507
22.750325970351696,17.73020596631303,588.2257000000001,232.20273254948557
28.776227501221,18.59108602546877,588.7386,321.4361255503038
56.971204966306686,23.91426825285358,592.2372,724.6137521166575
37.78271843586117,22.276117562257696,592.6023,500.63201495662963
27.772885154001415,18.225189307796665,593.3991,270.03256214721154
55.82308856304735,17.019423866242786,594.5699000000001,438.2078281587626
27.486456843093038,21.546871188404978,595.7316000000001,338.953583783149
95.74426026362926,19.676763526879686,600.0972,1176.006004335773
35.19183219503611,26.234741919795127,600.8742,556.1807307327823
87.57503325305879,16.974167769009714,601.5711,614.310905999145
35.71066636778414,33.366139432220784,604.2663,787.6260099609419
76.18531464412808,18.140604923312985,604.5362,707.3950185738421
19.162965958938003,23.80814604952005,608.2307000000001,294.4697135051465
31.613992418162525,37.6907735869872,608.4998,697.283279092733
85.7310453960672,17.90311350113788,609.3733000000001,664.8166654718314
33.70197115559131,18.06156966796145,614.2855000000001,317.22488363452686
22.474996347911656,30.62982513300819,616.7802,426.81978234709413
44.447331559844315,28.967772438387463,617.8989,727.3656892904203
29.911031623370945,26.769803036664058,619.2982000000001,512.2282050461824
46.20134400203824,17.42050010100579,619.7687000000001,322.43963496601344
45.33475746959448,17.528592876877617,621.6986,507.3885749349468
55.09534059930593,21.565752561588774,623.5386,663.2214010815223
35.5063905864954,16.053926943111136,625.0070000000001,244.33718255097477
37.10718641616404,25.06846864674887,625.4438,466.5130671750904
36.78423964884132,21.856027328994447,626.2014,403.43348985135077
94.53424739744514,17.291031713940615,628.2468,784.092945278111
61.76232053525746,36.753176538720936,628.7763,1584.6533533687307
31.86208565533161,16.406401427071497,630.3584000000001,252.42758853312063
21.64704484678805,30.074997814759804,631.0379,387.69960029995747
51.48885056562722,24.691216728103495,631.4428,887.7513774118546
112.65486733522266,19.402743458134214,632.1562,1365.0330056854066
35.130168423987925,19.03695269734444,633.1571,307.77012799071997
71.89025503862649,20.73523862242151,634.6539,683.9370653529336
40.43400106858462,19.595353159433472,634.9961000000001,484.4909985189135
19.31868180911988,16.550551693734185,635.0873,210.89403341347875
36.80361329577863,18.548332088271984,637.7287,446.1792295671107
48.984091370366514,25.92051228354383,639.4387,726.1109211989495
64.9727185415104,22.40342394080333,640.7287,631.6152806806182
106.91090965084732,21.946227414592506,641.6167,1184.7190101623178
27.331247539259493,17.53624473366968,643.6875,263.2300276660257
57.94559967145324,33.51978221497369,647.4589000000001,1261.9740118546613
44.354181280359626,16.929706892219862,648.7695,441.23900853702645
19.98410182353109,35.765114482048425,650.674,459.92495976974936
69.25038626696914,21.32244093036205,653.2303,677.0349312733124
40.010041697882116,16.692810857900117,653.4152,286.8628984578328
98.90065686125308,19.17191447997518,656.3328,1025.1102326239518
23.830347483046353,36.92421476570384,657.6753,576.8974783260508
56.13816360849887,17.101908208075205,658.0188,501.90866971304627
25.065078806132078,21.16225916870245,659.8204000000001,296.35238367018496
32.80690323933959,26.748205504493477,661.1183,502.68847264524163
51.58965058065951,42.91754328354223,662.7641,1568.9490557218771
74.89583334606141,24.79717697012476,663.8335000000001,1158.79970557764
47.692360796034336,19.279524222964028,665.2644,560.0230233341367
24.200541000813246,26.77860759248457,665.3094,346.6513489135922
231.06423150002956,218.22327220601252,665.5089,26786.971700618582
67.93997256737202,20.919909366095425,671.5867000000001,805.3376087578639
27.321717344224453,18.746725712364793,673.3318,303.77484002711043
32.79681348707527,16.79330937063134,675.6787,277.1626793492995
30.837692190892994,20.82004339271164,679.7621,301.1082760909061
51.019052357412875,18.640966258712464,680.2810000000001,489.9417788951802
86.58040614519268,16.250826521431236,681.1005,470.2362773797445
37.96136367414147,16.780432507232057,682.2606000000001,256.1628297266871
67.33707517106086,23.58339637032842,682.3197,883.8561458689134
82.76949724648148,21.21223100585458,682.5452,889.7448331526235
79.66965982597321,25.583350821465036,688.8183,1429.2944675632207
24.53048655577004,37.81889702132488,688.8956000000001,572.9297850844778
22.527571473270655,18.45486704394258,689.1349,245.82731517012758
97.09042526595294,22.579318815327806,689.6233000000001,960.3531544890336
71.38673409353942,22.301183887806864,692.4979000000001,779.9910047744975
29.705927641130984,22.67705028442165,694.7199,408.4163310092396
19.001955902203918,21.710476914180703,696.5747,263.2240869473003
33.5004217363894,62.22416081201343,702.3843,1371.1523454175851
84.5798760978505,318.2976015354571,703.5928,17620.58416107946
81.1655354956165,20.807407158892183,706.2367,1002.4767755479937
18.646015445701778,23.35436954796206,706.3498000000001,266.54381556368753
105.2465964416042,18.086691321194802,708.7456000000001,887.0792257108819
23.57948931492865,23.79424052136475,709.2604,308.4886856599119
40.722943771630526,19.06334815666474,711.0141,396.44592026132983
45.12009104061872,18.74169129845795,715.6773000000001,348.01400612076486
74.05109765380621,15.913088327151229,716.4368000000001,619.447874670487
42.93206681776792,26.473335132247488,717.5082,752.1634438984851
41.762592416256666,35.46712929827714,717.9629,837.4996761255034
47.72551287151873,16.63253558838485,723.9569,326.5093351628624
51.281255789101124,16.915275266712026,727.4795,446.1687367168376
62.92189785465598,17.43949645222207,731.3159,612.9556004023483
75.43129210174084,23.04840468655945,733.4512000000001,833.4311871926423
36.116028484888375,16.944138102796273,733.8280000000001,429.7299061257011
37.425419272854924,25.001395563846014,736.0557,551.3591427055327
54.30568301398307,22.40218975023594,736.1059,691.2032047223207
69.01922264136374,17.300422352089726,737.2604,688.7810391445695
51.19366389978677,17.951648401962107,747.366,388.57052722864677
78.53602880146354,16.99208399421243,750.529,707.565039866158
49.95712058991194,16.662647793043803,753.1425,378.17531983697836
56.954558093100786,16.132554506612315,758.1722000000001,630.9442830234597
55.98270361125469,19.16601896264538,759.4319,485.0471041120913
96.75120166596025,15.90856118855579,759.9648000000001,563.1790241532195
63.50279747042805,16.295707404439288,766.7584,435.54136833695395
37.469998945482075,23.99692595652681,769.6243000000001,453.82808770358037
30.118160678073764,20.908570793895546,770.9902000000001,327.66071839666563
29.305957795120776,16.896835500192022,773.9226,338.9624076956666
33.159337939694524,16.75545302883709,774.5002000000001,250.59507167647357
67.39256090763956,37.852445439023136,775.5274000000001,1511.5163520203077
34.05269973073155,18.029934784349066,777.9869,273.6787325057168
32.81843802332878,29.00725306855971,779.4684000000001,651.316778695526
36.15329902153462,30.863464180654635,779.8188,593.1359665192714
41.73110799957067,17.07296587450291,780.7595,349.97650164401955
41.88074732851237,24.38740704001249,781.1322,674.9146218504939
63.63276311662048,16.90650341148176,781.2246,669.940451158383
25.380052558146417,21.528354635888167,782.4142,370.03088839326887
44.36463667731732,21.863107956752813,784.1664000000001,627.9011795692725
43.09240426681936,46.553471821253424,784.2236,1065.2065656618634
96.38679828308523,15.999352995836357,784.4346,779.171051099765
45.015103911049664,32.56757040449178,785.2822,872.2846871093925
57.20374408084899,21.22234159762315,785.3796,786.0344873107327
28.37030716240406,16.074948514784996,785.4503000000001,289.4760297322085
44.47247162926942,16.461640224271722,787.114,476.6332076921005
49.87333108112216,28.978933930648658,787.1492000000001,854.155706061626
59.29881869070232,30.97979254799862,787.8901000000001,1151.6514551936864
23.34851525630802,21.110431977421833,788.5604000000001,269.85436188000665
46.34439030941576,25.14090299874291,791.0619,589.7561145959248
73.820970014669,21.2926766462183,791.4848000000001,685.2642463118999
23.644770931452513,21.733291184703287,794.0828,285.9686857165591
64.10759401042014,17.447441142297162,794.1405000000001,673.3705383882541
39.56381221301854,30.65010573520798,794.8657000000001,652.4264767997109
43.50371890235692,24.692704151171675,795.3959,685.1583958795259
26.620634963735938,21.14138367611496,796.1241,288.6606280711097
21.632311639375985,18.197078256637795,796.5644000000001,212.3475007813944
58.43674658052623,18.718686717513005,797.017,518.3825148943164
219.74511004332453,15.822976739999973,797.1864,1852.2594826857035
44.99826506432146,17.45358172571163,797.5714,524.0749612506565
56.92922003008425,31.304329248998144,798.4514,1124.8090867427434
24.583638633601367,22.8845707942614,803.4607000000001,275.491180376427
73.79310118686408,17.070779762214414,803.9674,658.1921880838265
59.065721646882594,25.57580239779388,805.412,898.1831640769439
43.18260640837252,18.24001596184093,806.9768,469.6973961542995
32.690309782512486,16.28429269315991,807.8399000000001,358.15204117159794
58.58320458047092,15.82074855904323,808.1258,515.2896813553934
54.02383042592555,30.38347329016271,808.6238000000001,725.1539351767458
31.612199082039297,45.03126186742113,809.1472,839.7367526820926
54.24856066890061,23.057577978130386,809.4167,773.3742513018129
75.39427007734776,27.71385050603726,811.6072,1149.5506596580165
30.939229864627123,31.395228546579176,815.4547,571.2879839150639
33.574466169811785,17.416699818339303,815.5996,400.6726749070158
79.54954622127116,17.868699981030137,822.9185,676.0861780774886
113.97316668648273,26.80347906359861,823.3614,1640.0392820726101
126.36097927670926,26.009221519034682,826.4982,1683.6387975378811
31.01903409510851,21.526591941869835,842.1229000000001,296.27881270111203
224.71044751815498,16.958743972278125,873.7313,1905.7754200969214
